{
	"asset" : {
		"version" : "0.0"
	},
	"properties" : {
		"cesEntityType" : {},
		"cesLegalSpaceType" : {},
		"cesLegalSpaceSubtype" : {},
		"cesPhysicalProperty" : {},
		"propertyID" : {},
		"parcelNumber" : {},
		"lotNumber" : {},
		"sheetNumber" : {},
		"district" : {},
		"city" : {},
		"area" : {},
		"useType" : {},
		"Volume" : {
			"minimum" : 98.29,
			"maximum" : 5143.6
		},
		"ifc_parent_id" : {},
		"Area" : {},
		"GlobalId_IfcWall" : {},
		"GlobalId" : {},
		"Name" : {},
		"Description" : {},
		"ObjectType" : {},
		"LongName" : {},
		"CompositionType" : {},
		"PredefinedType" : {},
		"Axis" : {},
		"Body" : {},
		"Box" : {},
		"FootPrint" : {},
		"ifc_parent_unique_id" : {},
		"ifc_property_set{}" : {},
		"ifc_quantity_set{}" : {},
		"ifc_type_object_id" : {},
		"ifc_unique_id" : {},
		"_hierarchy_child_id_list{}" : {},
		"_hierarchy_id" : {},
		"_hierarchy_parent_id" : {},
		"OwnerHistory" : {},
		"RelatingSpace" : {},
		"RelatedBuildingElement" : {},
		"ConnectionGeometry" : {},
		"PhysicalOrVirtualBoundary" : {},
		"InternalOrExternalBoundary" : {},
		"wall_ifc_instance_name" : {},
		"ifc_property_set_name" : {},
		"Number" : {},
		"Level" : {},
		"Zone" : {},
		"ifc_instance_name" : {},
		"ifc_parent_id_IfcWall" : {},
		"Space Type" : {},
		"ElevationOfRefHeight" : {},
		"ElevationOfTerrain" : {},
		"BuildingAddress.Purpose" : {},
		"BuildingAddress.Description" : {},
		"BuildingAddress.UserDefinedPurpose" : {},
		"BuildingAddress.InternalLocation" : {},
		"BuildingAddress.AddressLines" : {},
		"BuildingAddress.PostalBox" : {},
		"BuildingAddress.Town" : {},
		"BuildingAddress.Region" : {},
		"BuildingAddress.PostalCode" : {},
		"BuildingAddress.Country" : {},
		"IsExternal" : {},
		"LoadBearing" : {},
		"Width" : {},
		"Function" : {},
		"Upper Limit" : {},
		"Length" : {},
		"wallAreaFootprint" : {
			"minimum" : 0.03,
			"maximum" : 0.78
		},
		"levelName" : {},
		"elevationRelative" : {},
		"_volume" : {
			"minimum" : 0.08699999978924335,
			"maximum" : 3.2113705267109673
		},
		"_is_void" : {},
		"footprintArea" : {
			"minimum" : 54.01,
			"maximum" : 262.44
		},
		"_geometry_name" : {},
		"_xmax" : {
			"minimum" : 483915.5749478189,
			"maximum" : 483915.5749478189
		},
		"_xmin" : {
			"minimum" : 483895.9094041003,
			"maximum" : 483895.9094041003
		},
		"_ymax" : {
			"minimum" : 4423394.011092639,
			"maximum" : 4423394.011092639
		},
		"_ymin" : {
			"minimum" : 4423379.141546677,
			"maximum" : 4423379.141546677
		},
		"_zmax" : {
			"minimum" : 13.360462702371787,
			"maximum" : 13.360462702371787
		},
		"_zmin" : {
			"minimum" : 9.50046443090224,
			"maximum" : 9.50046443090224
		},
		"topElevation" : {},
		"share" : {},
		"condoId" : {}
	},
	"geometricError" : 32.50292870681733,
	"root" : {
		"boundingVolume" : {
			"box" : [ 4115549.177215129, 2653439.697240276, 4073131.7061881097, 32.50292870681733, 0, 0, 0, 31.883663777261972, 0, 0, 0, 25.40778550086543 ]
		},
		"refine" : "ADD",
		"content" : {
			"boundingVolume" : {
				"box" : [ 4115549.177215129, 2653439.697240276, 4073131.7061881097, 32.50292870681733, 0, 0, 0, 31.883663777261972, 0, 0, 0, 25.40778550086543 ]
			},
			"url" : "data/data0.b3dm"
		}
	}
}